{
    "rmse": 0.71855200017375,
    "mae": 0.5640243299854095,
    "r2": 0.2846566077327466
}