{
    "rmse": 0.7026211613314376,
    "mae": 0.553092029009575,
    "r2": 0.25960556956883796
}